claim_id,paper_id,claim_text,direction,population,intervention_or_exposure,outcome,method,provenance_source_type,provenance_locator,claim_verdict,provenance_verdict,direction_verdict,causal_language_verdict,population_fidelity,intervention_fidelity,outcome_fidelity,method_fidelity,proposed_claim_text,proposed_provenance_locator,reviewer_comments
"CSRP-REAL-004-C01","CSRP-REAL-004","During the 12-month intervention, the charcoal-burning suicide rate in Tuen Mun fell from 4.3 to 2.0 per 100,000 (a 53.5% reduction), while the control district increased from 3.0 to 4.3 per 100,000.","beneficial","residents of Tuen Mun and Yuen Long, Hong Kong","restricted retail access to barbecue charcoal","charcoal-burning suicide rate","exploratory controlled community trial","page","British Journal of Psychiatry short report, Results, p. 241","","","","","","","","","","",""
"CSRP-REAL-004-C02","CSRP-REAL-004","The all-method suicide rate in Tuen Mun fell from 17.9 to 12.2 per 100,000 (31.8%), compared with a 1.6% reduction in Yuen Long.","beneficial","residents of Tuen Mun and Yuen Long, Hong Kong","restricted retail access to barbecue charcoal","all-method suicide rate","exploratory controlled community trial","page","British Journal of Psychiatry short report, Results, p. 241","","","","","","","","","","",""
"CSRP-REAL-004-C03","CSRP-REAL-004","The study did not observe a significant increase in suicide by other methods, providing no clear evidence of method substitution during the intervention period.","null","residents of Tuen Mun and Yuen Long, Hong Kong","restricted retail access to barbecue charcoal","non-charcoal suicide rate","exploratory controlled community trial","text_span","British Journal of Psychiatry, Summary and Methods","","","","","","","","","","",""
"V03-MEANS-002-C01","V03-MEANS-002","After adjustment for secular trends, the New Taipei charcoal-restriction programme was associated with an estimated 30% reduction in charcoal-burning suicide compared with the pre-intervention period.","beneficial","residents of New Taipei City, Taipei City, and Kaohsiung City, Taiwan","restricted retail access to barbecue charcoal","charcoal-burning suicide rate","quasi-experimental community intervention","metadata","PubMed PMID 26305374, Abstract: Methods and Findings","","","","","","","","","","",""
"V03-MEANS-002-C02","V03-MEANS-002","The study reported no compensatory increase in non-charcoal-burning suicide in New Taipei City during the intervention period.","null","residents of New Taipei City, Taipei City, and Kaohsiung City, Taiwan","restricted retail access to barbecue charcoal","non-charcoal suicide rate","quasi-experimental community intervention","metadata","PubMed PMID 26305374, Abstract: Methods and Findings","","","","","","","","","","",""
"V03-MEANS-003-C01","V03-MEANS-003","Across the longer follow-up, the controlled interrupted time-series analysis found no clear reduction in charcoal-burning suicide attributable to the New Taipei restriction programme.","null","residents of New Taipei City and two comparison cities, Taiwan","restricted retail access to barbecue charcoal","charcoal-burning suicide rate","controlled interrupted time series","metadata","PubMed PMID 33601720, Abstract: Results and Conclusion","","","","","","","","","","",""
"V03-MEANS-003-C02","V03-MEANS-003","The authors highlighted incomplete coverage and lack of legislative enforcement as limitations relevant to interpreting long-term programme effectiveness.","descriptive","residents of New Taipei City and two comparison cities, Taiwan","restricted retail access to barbecue charcoal","all-method suicide rate","controlled interrupted time series","metadata","PubMed PMID 33601720, Abstract: Limitations","","","","","","","","","","",""
"V03-MEANS-004-C01","V03-MEANS-004","Charcoal-burning suicide rose markedly in several, but not all, East and Southeast Asian settings, with substantial variation in timing and scale across countries.","descriptive","populations of selected East and Southeast Asian countries","regional adoption and spread of charcoal-burning suicide","charcoal-burning suicide rate","regional time trend analysis","metadata","PubMed PMID 24691071, Abstract: Results and Conclusions","","","","","","","","","","",""
"V03-MEANS-004-C02","V03-MEANS-004","Increases in charcoal-burning suicide were associated with increases in overall suicide in some settings but not consistently across all countries and demographic groups.","mixed","populations of selected East and Southeast Asian countries","regional adoption and spread of charcoal-burning suicide","all-method suicide rate","regional time trend analysis","metadata","PubMed PMID 24691071, Abstract: Results","","","","","","","","","","",""
